battery_power,touch_screen,bluetooth,wifi,dual_sim,has_3G,has_4G,numbers_cores,internal_memory_gb,ram_mb,primary_camera_megapixels,front_camera_megapixels,depth_cm,weight_gr,screen_height_cm,screen_width_cm,pixel_resolution_height,pixel_resolution_width
1043,1,1,0,1,0,0,3,5,3476,16,14,0.1,193,12,7,226,1412
841,0,1,0,1,1,1,5,61,3895,12,4,0.8,191,6,0,746,857
1807,1,1,1,0,0,0,3,27,2396,4,1,0.9,186,17,10,1270,1366
1546,1,0,0,1,1,1,8,25,3893,20,18,0.5,96,10,0,295,1752
1434,0,0,1,0,1,1,6,49,1773,18,11,0.5,108,15,8,749,810
1464,1,1,1,1,1,1,8,50,3506,9,5,0.8,198,10,7,569,939
1718,0,0,0,0,0,0,2,47,3873,3,1,1,156,14,2,1283,1374
833,1,0,1,1,0,0,1,62,1495,2,0,0.8,111,7,2,1312,1880
1111,1,1,0,1,1,1,5,25,3485,19,9,0.6,101,11,9,556,876
1520,0,0,1,0,1,0,3,25,651,20,1,0.5,171,6,0,52,1009
1500,1,0,0,0,0,0,7,55,3866,6,2,0.6,80,13,7,503,1336
1343,1,0,1,0,1,1,3,34,3911,6,2,0.8,171,15,8,235,1671
900,0,1,0,1,1,0,2,30,439,3,0,1,87,6,2,829,1893
1190,1,1,0,1,1,0,5,19,992,15,5,0.9,158,13,0,227,1856
630,1,0,0,0,1,1,8,51,2751,9,8,0.9,193,17,6,1315,1323
1846,0,1,1,0,1,1,8,53,563,7,5,0.7,106,9,5,185,1832
1985,1,0,0,1,1,1,2,26,2083,17,14,1,163,13,3,613,1511
1042,0,0,0,0,1,1,4,48,2187,15,5,0.2,186,9,2,335,532
1231,0,1,1,1,1,1,2,37,3902,3,2,0.2,194,19,12,82,1771
1488,0,0,0,0,0,0,4,37,2524,20,9,0.7,189,5,0,47,559
968,1,0,0,0,1,1,1,7,1357,17,8,0.7,151,15,1,504,1930
529,1,0,0,1,0,0,5,60,3456,5,1,0.5,101,13,11,521,1591
1558,1,0,1,1,0,0,2,50,1641,10,7,0.1,115,17,0,777,1587
533,1,1,0,1,0,0,5,58,2322,18,16,0.8,97,17,3,512,1111
1037,1,0,0,1,1,0,3,5,3862,6,1,0.7,125,17,4,1194,1321
1025,1,0,1,1,1,1,3,43,557,16,6,0.7,122,15,10,1003,1306
1858,1,0,0,1,1,0,4,17,2427,1,0,0.6,124,16,11,575,1200
980,1,0,1,0,0,0,5,8,625,5,1,0.1,91,17,3,54,658
644,0,1,1,1,1,0,5,15,3836,10,9,0.2,139,10,9,627,630
1024,0,1,0,1,1,1,2,38,854,0,0,0.8,81,11,3,129,1048
1981,0,0,0,1,1,1,8,11,2383,13,2,0.3,184,11,2,876,1408
1380,0,0,0,1,1,1,8,56,926,16,15,0.5,187,9,5,501,643
1557,0,1,0,1,1,0,7,32,3048,11,1,0.3,152,17,11,1407,1633
1201,0,1,0,1,1,0,4,49,824,20,10,0.8,175,18,13,722,992
1074,0,1,0,0,1,0,3,45,874,6,0,0.8,193,11,7,1219,1904
1175,0,1,1,0,0,0,6,33,1617,8,3,0.9,124,5,3,119,1777
1280,0,0,1,1,1,1,6,8,3309,5,4,0.6,96,17,16,753,1557
1715,0,0,1,1,1,1,6,28,1786,16,1,0.4,112,19,2,162,847
1165,0,0,0,0,1,0,2,40,3128,11,4,0.9,150,13,0,313,528
567,1,0,1,0,0,0,4,2,2243,1,0,0.2,87,16,6,181,566
1952,1,1,1,0,0,0,2,47,994,10,2,0.8,190,9,5,1416,1892
822,0,1,1,1,1,0,8,43,2749,7,2,0.3,189,13,4,645,851
685,0,1,1,1,0,0,6,12,793,15,0,0.5,121,5,4,79,633
1388,0,1,0,1,1,1,5,17,324,19,12,0.6,174,14,0,153,972
1972,1,0,0,0,1,0,3,48,366,14,2,0.6,188,5,3,480,748
1411,1,1,0,0,1,1,7,57,1228,17,9,0.5,80,17,3,700,1234
1094,1,0,1,1,0,0,1,20,1413,5,2,0.9,135,7,0,221,610
1653,1,0,1,1,1,1,4,13,2617,15,1,0.5,114,16,4,1585,1896
916,1,0,0,1,1,0,7,33,1798,20,9,0.7,142,11,5,65,1867
1712,1,0,0,0,1,0,7,29,2693,6,1,0.3,149,7,1,556,816
882,1,1,1,1,0,0,8,32,2437,14,13,0.8,103,17,14,224,764
632,0,0,0,0,1,1,2,33,837,10,6,0.5,101,16,4,705,992
1442,1,1,1,1,0,0,3,56,2815,3,0,0.4,165,6,0,709,1695
900,1,0,1,0,1,0,8,47,1440,14,11,0.2,150,14,2,97,663
1630,1,1,0,1,1,0,7,20,3470,10,4,0.9,153,17,6,1131,1360
1596,1,1,1,1,1,0,5,24,1251,15,6,0.3,174,18,15,359,1022
1272,0,1,1,0,1,1,8,54,3181,11,9,0.6,133,10,6,1813,1871
1640,1,0,1,1,0,0,4,7,1361,2,1,0.2,135,9,1,839,1788
1111,0,0,1,1,1,0,7,15,1630,14,10,0.5,198,13,5,550,666
1889,0,1,1,0,1,0,2,25,3689,17,15,0.3,90,9,6,443,755
1907,0,1,1,1,1,0,8,22,3586,4,1,0.1,80,11,2,502,1113
529,0,0,1,1,0,0,4,56,3942,6,5,0.3,139,10,0,130,647
578,0,0,0,0,1,1,6,38,1431,5,3,0.7,121,5,0,19,667
1634,1,1,1,1,1,1,1,39,2167,7,2,0.4,164,12,0,386,636
1533,0,1,0,1,1,1,3,22,1248,15,1,0.6,172,9,2,22,1345
660,1,0,0,0,1,1,3,47,1986,6,5,0.1,83,8,0,49,1552
1847,0,1,1,0,1,1,4,28,1378,14,10,0.2,111,5,2,1497,1508
1206,0,1,1,1,0,0,8,10,2959,20,6,0.8,134,5,1,1327,1361
549,1,1,1,0,1,1,5,53,1893,5,3,0.8,173,5,2,555,1386
1705,1,1,1,0,1,1,3,23,1676,20,2,1,122,8,6,1560,1808
1366,0,0,1,1,0,0,1,36,1912,16,4,0.1,185,17,13,346,702
1991,0,0,1,0,1,0,5,58,1947,6,5,0.6,109,10,5,912,1660
1102,1,1,0,0,1,1,3,40,2734,14,5,1,175,15,12,756,882
1452,1,0,0,0,1,1,3,32,3617,5,3,0.5,175,16,1,699,1704
1810,0,1,0,1,1,0,1,63,3414,19,6,0.9,151,18,10,582,1752
1166,1,1,1,1,1,1,7,41,482,4,2,1,165,19,11,680,1078
881,0,1,1,1,1,0,6,6,2813,12,5,0.4,117,18,1,814,1015
1134,0,1,0,1,1,1,5,64,661,0,0,0.5,166,13,7,672,1597
1031,0,1,1,1,1,1,1,20,2546,4,1,0.7,177,9,6,450,911
1376,0,1,0,1,1,1,6,34,3922,1,0,0.4,167,5,0,757,1371
1391,1,0,1,1,1,1,5,56,1199,8,2,0.1,137,15,8,208,900
979,1,0,0,0,0,0,5,24,3779,16,6,0.6,124,7,2,1194,1256
1075,1,1,0,0,1,0,4,36,3870,3,0,0.6,127,8,3,1335,1427
968,1,0,0,1,1,1,8,61,858,16,13,0.1,168,8,7,91,1585
1999,0,0,1,1,1,1,8,15,3840,11,1,0.7,183,19,17,33,653
1626,1,0,0,0,1,0,2,20,454,17,3,0.1,164,8,4,1095,1499
942,0,0,1,1,0,0,8,28,3953,20,14,0.8,153,13,11,336,797
1182,0,0,1,0,1,1,3,42,1633,20,4,0.9,189,14,3,659,661
1982,0,1,1,1,1,0,6,48,3035,16,9,0.4,98,10,4,183,709
1373,0,0,1,1,0,0,8,27,966,6,3,0.6,80,14,0,652,1100
1151,0,0,0,1,1,0,8,44,1761,17,8,0.5,107,7,4,410,1014
1650,1,1,1,1,0,0,5,51,1938,15,6,0.9,99,14,0,440,1416
1663,1,1,1,1,1,0,4,17,2820,2,0,0.7,152,14,1,532,886
1965,0,1,0,0,1,1,7,3,305,17,0,0.9,168,6,0,1373,1949
679,0,0,1,1,0,0,4,41,2838,1,0,0.3,154,19,7,773,920
1465,1,0,1,0,0,0,5,3,2042,8,2,1,90,8,2,965,974
1809,0,1,0,1,1,0,5,27,700,19,3,0.3,137,11,10,568,1864
757,0,1,1,1,1,1,8,26,2593,17,8,0.2,164,19,3,652,1157
1034,0,1,0,0,1,1,6,47,1835,15,7,0.2,105,8,1,214,1463
1119,1,1,0,0,0,0,4,23,3121,19,9,0.8,81,15,4,423,1003
559,0,1,0,1,1,1,4,24,2023,5,0,0.8,103,14,1,537,627
1204,0,1,0,0,0,0,8,19,737,15,9,0.8,113,10,5,667,1872
1008,0,0,0,1,1,1,8,15,450,19,4,0.4,89,11,7,491,692
1397,0,1,0,1,0,0,7,19,2928,13,4,0.5,146,12,2,1037,1829
697,0,0,1,1,1,1,4,34,1694,6,0,0.1,114,14,8,325,610
1939,0,1,1,0,0,0,2,58,2593,17,5,0.3,174,11,6,49,974
1039,0,0,0,1,0,0,1,15,745,5,2,0.7,113,9,2,1324,1945
1605,1,1,1,0,1,1,4,51,1310,20,1,0.8,83,11,9,597,921
1094,0,0,1,1,0,0,8,34,2743,4,2,0.6,128,9,3,765,836
769,0,1,1,1,1,1,3,30,3976,9,1,0.8,190,12,10,470,1115
861,0,1,0,1,0,0,2,40,3931,13,0,0.1,132,18,14,653,1062
504,0,0,1,1,0,0,2,63,3455,16,4,1,169,17,15,463,1609
1930,0,1,1,1,1,1,4,64,1533,17,5,0.3,119,5,1,325,1205
1795,0,1,0,1,1,0,2,52,3876,16,10,0.3,140,18,17,855,910
1363,0,0,0,1,1,1,7,2,3239,6,3,0.9,159,11,5,912,1684
1376,0,1,0,0,1,1,2,38,3628,4,3,0.1,195,13,2,492,1110
1981,0,1,0,0,1,0,7,19,3663,3,2,0.4,123,15,0,605,769
1901,1,0,1,0,0,0,3,62,1786,17,4,0.7,133,16,10,401,1989
1319,0,0,0,1,1,0,8,5,3502,17,10,0.1,140,14,6,366,1821
859,0,1,1,0,1,0,1,58,815,16,5,0.4,178,10,4,1225,1358
1664,1,1,1,0,1,0,3,25,275,11,10,0.1,147,9,3,573,856
955,1,0,1,1,1,0,1,62,3758,1,0,0.4,151,15,3,261,538
517,1,0,1,1,0,0,7,38,2747,4,3,0.1,97,11,5,680,1138
1806,1,0,1,0,1,1,5,64,1809,7,2,0.3,133,7,6,280,683
1348,0,0,0,0,1,1,4,50,2086,11,6,0.1,123,12,8,565,1443
1455,1,0,0,0,0,0,1,16,444,1,0,0.4,164,14,2,1379,1673
1611,1,0,1,1,1,0,5,25,3467,18,5,0.6,92,9,1,949,1297
1573,1,1,1,1,1,1,8,24,2776,5,3,1,125,5,3,703,911
557,1,0,0,0,1,1,5,23,3170,1,0,0.5,197,12,2,1264,1682
1599,1,1,0,0,0,0,2,31,1234,5,4,0.1,130,11,10,1816,1917
1051,1,1,1,1,1,0,7,16,305,9,0,0.1,100,12,0,108,894
1857,0,1,0,1,0,0,2,14,1745,0,0,0.9,102,15,10,1328,1743
1986,0,0,1,0,1,0,6,24,1707,9,6,0.9,174,5,3,797,1061
591,1,1,0,0,1,0,6,21,2220,7,1,0.1,185,11,10,361,555
1140,0,0,1,1,1,1,7,56,3130,4,0,0.3,131,6,5,1049,1715
923,1,1,0,0,1,1,2,10,1500,3,0,0.8,80,18,9,357,1718
1582,1,0,1,0,1,0,1,33,2145,9,0,0.4,200,9,7,197,764
723,0,0,1,0,1,0,8,63,488,14,5,0.5,172,5,0,906,1801
1251,1,1,0,1,1,1,5,54,3863,4,3,0.8,83,6,1,806,1405
574,0,1,0,1,1,1,2,60,2913,7,4,0.1,139,14,0,924,1498
948,1,1,1,1,1,1,2,60,2094,10,5,0.2,116,12,7,223,1148
1571,0,0,1,1,0,0,5,44,3141,5,4,0.4,194,8,1,140,718
564,1,1,1,0,0,0,1,33,2573,6,2,0.6,192,13,6,113,863
1466,1,0,0,1,1,1,6,57,2340,18,14,0.9,155,18,15,1531,1727
597,0,1,1,1,0,0,2,16,3788,0,0,0.5,140,12,0,35,708
895,0,1,0,1,1,1,7,9,3445,14,10,0.5,148,11,5,1524,1691
1535,0,0,1,1,1,1,4,37,3241,16,13,1,82,6,0,838,1667
1832,0,1,0,0,0,0,2,44,2976,17,7,0.3,125,19,3,495,596
1045,1,1,0,0,1,1,4,58,2241,12,0,0.2,177,19,15,1212,1772
1483,0,1,1,0,1,1,1,61,3843,10,4,0.6,128,11,8,655,814
976,1,0,1,0,1,1,7,5,3261,14,0,0.9,184,8,2,496,797
1840,1,1,0,1,0,0,4,46,3264,2,0,0.1,123,8,4,800,1521
1807,0,0,0,1,0,0,8,8,826,15,0,0.1,89,11,1,1010,1425
624,1,1,1,1,0,0,2,30,1314,16,14,0.1,192,16,1,102,1052
1963,1,0,0,0,1,1,3,38,2699,15,7,0.4,193,7,0,948,1406
1307,1,1,1,0,1,1,4,4,2565,1,0,0.3,132,8,4,82,1236
1933,0,1,1,1,0,0,7,23,3973,7,6,0.1,102,13,10,1286,1846
1496,0,1,0,1,1,0,2,42,3537,5,0,0.9,124,15,14,264,995
1532,1,1,1,0,1,0,2,7,3449,10,0,0.2,134,5,4,75,834
1004,1,0,0,1,1,1,2,8,3895,9,7,0.8,97,14,13,461,919
1483,1,1,0,1,1,1,5,38,2777,14,10,0.1,87,17,9,321,1410
945,0,0,0,0,0,0,2,47,2904,11,3,0.4,141,19,14,120,1341
1081,1,0,0,0,1,1,5,17,3774,17,7,0.1,89,17,15,174,1683
1012,1,0,0,1,1,1,3,32,3034,14,6,0.9,87,17,5,1341,1997
1762,0,0,1,0,0,0,3,50,2940,12,5,0.9,104,19,18,1337,1684
796,1,1,1,1,1,1,8,36,3932,14,1,0.3,127,5,1,494,935
1547,1,0,1,0,1,1,5,50,1168,16,12,1,98,17,2,849,1024
988,0,0,1,0,1,1,4,12,376,8,6,0.8,132,9,1,644,1291
1180,1,1,1,0,1,1,1,43,3510,16,7,0.8,102,9,5,1557,1985
852,0,1,1,0,1,1,2,3,542,4,3,0.5,161,14,9,376,872
607,0,1,1,0,1,1,7,18,550,3,1,0.2,146,12,1,151,532
1765,0,0,1,0,1,0,1,24,791,0,0,0.4,135,5,1,450,830
1250,1,0,0,0,0,0,1,63,1895,19,18,0.7,165,13,6,1336,1532
1577,1,0,1,1,1,0,5,55,609,0,0,0.5,109,6,0,1411,1718
1153,0,1,1,1,1,0,5,14,263,6,5,0.2,135,19,10,742,1236
651,1,1,1,0,1,0,7,35,2141,5,0,0.4,113,13,4,1046,1414
1186,1,1,0,1,0,0,4,25,1270,7,1,0.1,88,18,9,85,1012
1429,1,1,1,0,1,0,5,33,403,7,6,0.1,121,11,6,889,1846
556,0,0,0,0,1,1,8,10,2040,12,4,0.8,135,13,12,182,688
1735,0,1,1,0,1,1,3,21,2597,8,5,0.1,126,16,12,282,1261
1859,0,0,1,0,1,1,2,42,714,16,8,0.1,127,19,7,1168,1612
915,1,0,1,0,0,0,2,10,423,5,3,0.1,188,13,3,74,1266
890,0,0,1,0,0,0,1,9,1238,10,5,0.4,113,6,2,457,1134
758,0,0,0,0,0,0,3,48,926,18,13,0.7,101,9,5,1842,1896
541,1,0,0,0,1,1,7,28,2704,4,0,0.4,156,14,0,103,1039
586,1,0,1,1,1,1,8,33,2817,17,6,0.2,195,5,2,1470,1644
762,1,1,0,1,1,1,1,39,2271,14,11,0.7,164,12,7,1065,1686
683,0,0,0,1,1,1,7,9,1513,3,0,0.8,186,6,5,1466,1754
1526,0,0,1,1,1,0,3,39,339,20,10,0.4,125,10,9,563,1439
1771,1,1,1,0,1,0,2,39,794,9,6,0.7,188,9,1,460,1203
639,0,0,1,0,0,0,7,28,391,16,5,0.9,113,6,2,983,1369
1783,1,1,0,0,1,1,2,23,541,8,7,0.9,137,9,5,1114,1953
1933,1,0,0,0,1,1,5,55,648,20,16,0.2,166,10,7,729,1248
1384,1,0,0,1,1,1,1,62,3386,5,3,0.4,153,19,1,1240,1393
1770,0,0,0,0,0,0,1,26,1651,17,12,0.5,80,18,6,98,1724
1202,1,0,1,0,1,0,1,49,1177,8,2,0.5,131,15,13,197,1435
885,0,0,1,1,0,0,7,3,2887,8,2,0.5,163,5,1,813,1666
1629,1,1,0,0,1,1,6,2,2178,19,2,0.8,86,19,10,1055,1200
1072,0,1,1,1,1,1,1,4,2878,12,6,0.5,92,7,5,1019,1640
1863,1,1,0,1,1,0,5,64,3201,1,0,0.7,89,5,4,159,618
1739,1,0,1,1,0,0,4,51,1490,15,1,0.4,140,5,1,406,691
895,0,1,0,0,0,0,5,23,2724,3,2,0.5,98,16,14,26,663
1278,0,1,1,1,0,0,1,56,3032,7,0,0.6,179,9,5,406,1698
562,1,1,0,1,1,1,6,43,3352,17,1,0.3,141,13,12,918,991
1249,0,1,0,1,0,0,5,38,3195,10,0,0.8,193,19,7,940,1290
1811,1,0,0,0,1,1,6,25,1677,19,18,0.8,185,10,6,1411,1443
560,1,1,1,1,1,1,5,12,2620,19,1,1,161,13,0,465,1797
1773,0,1,1,0,1,1,7,61,1061,20,14,0.1,141,17,4,847,1562
1715,1,1,1,0,1,0,3,11,1018,10,5,0.4,100,16,5,314,1276
725,1,0,1,1,1,1,5,26,1370,1,0,0.8,176,7,6,829,960
800,0,1,1,0,1,1,6,41,2094,9,5,0.1,103,17,16,185,1008
1300,0,0,0,0,1,1,3,43,2790,12,6,0.1,156,15,4,589,1815
1001,1,0,1,0,1,0,5,48,1485,0,0,1,98,10,2,471,655
500,0,0,1,1,0,0,4,64,2807,17,13,0.9,134,19,7,1384,1912
1378,0,1,0,1,1,1,3,52,3528,7,4,0.5,184,5,1,13,641
951,0,1,0,0,1,1,8,24,3391,20,1,0.1,147,19,4,897,1964
1038,0,1,1,1,0,0,6,48,1073,2,1,0.2,99,5,4,83,1103
987,0,1,0,1,1,0,6,20,2811,5,1,0.9,108,7,4,237,1427
1698,1,0,1,0,1,1,7,21,778,7,6,0.1,196,7,3,614,1254
1762,0,1,1,1,0,0,4,11,3628,17,14,0.1,107,9,3,647,801
785,0,0,0,0,0,0,3,16,2637,13,6,0.2,135,12,8,223,1366
1851,1,0,0,1,1,0,3,59,2892,18,2,0.1,151,10,0,278,1198
1698,0,0,1,1,0,0,3,62,2805,13,2,0.4,189,11,2,1459,1565
1976,1,0,0,0,0,0,8,4,804,1,0,0.8,93,5,1,1146,1436
1649,1,1,1,0,1,1,4,53,361,11,4,0.4,162,12,7,261,1316
1157,0,1,0,1,1,0,7,4,1453,6,4,0.9,149,17,10,878,1737
1702,1,0,0,0,1,1,5,54,359,2,1,0.4,131,13,12,1112,1578
1040,1,1,1,0,0,0,2,54,3886,5,0,0.3,199,15,5,458,959
790,1,1,1,1,1,1,6,29,557,11,2,0.7,106,11,2,521,1996
1429,1,0,0,0,0,0,4,58,2005,3,2,0.2,128,15,1,417,983
739,0,1,0,0,1,0,8,56,630,20,14,0.7,103,17,2,134,1696
1364,0,1,1,1,1,1,7,44,2741,8,6,0.1,174,9,3,615,1142
1580,0,0,1,1,0,0,8,45,2214,7,0,1,196,12,9,1017,1092
1384,1,1,1,1,1,0,1,49,1387,0,0,0.7,189,13,3,725,1741
1037,0,0,0,1,1,0,6,57,3148,5,2,0.7,83,16,13,749,965
1519,1,0,1,0,0,0,1,43,853,14,12,0.1,183,5,0,868,1637
989,1,0,0,0,1,0,1,20,3614,16,15,0.4,153,17,5,68,947
1040,0,1,1,1,0,0,3,41,1006,18,3,0.8,116,12,7,299,608
1240,0,1,0,0,1,1,5,9,3959,7,3,0.9,93,14,9,477,1319
1273,1,1,0,0,1,1,1,7,1743,16,15,0.9,143,12,7,288,706
1784,0,0,0,0,1,0,4,28,2192,9,8,0.3,171,15,13,1145,1680
1169,0,1,1,1,1,1,7,51,329,19,7,0.1,177,14,6,515,720
703,1,1,1,0,1,1,1,27,502,6,1,0.1,138,12,4,47,1820
959,1,1,1,0,1,1,5,15,3000,9,5,0.4,119,15,0,121,934
1292,1,1,1,1,1,1,6,63,1413,8,1,0.3,157,13,2,452,1309
1927,0,1,0,0,0,0,6,5,2913,1,0,0.9,139,15,10,603,1228
1477,1,1,1,0,1,0,8,15,2684,5,1,0.4,178,18,13,1381,1459
1759,1,0,0,1,1,0,2,58,3428,12,9,0.2,101,17,0,510,615
831,1,0,0,0,1,1,3,31,1629,1,0,0.3,197,8,1,1460,1591
1803,1,0,1,1,1,1,2,41,1873,10,1,0.2,146,14,1,102,613
1361,1,0,0,0,1,1,3,64,3751,2,0,1,91,18,6,174,574
1183,0,1,1,0,0,0,1,32,637,4,1,0.8,197,12,6,884,1475
917,0,1,1,0,1,0,5,53,603,1,0,0.2,166,12,6,750,1339
1278,1,1,1,1,1,0,5,7,3067,3,2,1,192,10,2,319,587
1247,1,1,0,0,0,0,7,28,3268,5,0,0.4,191,16,3,901,1447
930,1,0,1,1,1,1,7,40,3816,15,5,0.8,128,13,0,775,1224
1019,0,0,1,1,1,1,3,5,1850,8,0,0.7,177,10,5,889,1840
1855,1,1,1,0,1,1,4,26,3481,0,0,0.8,161,8,7,986,1339
1730,1,0,0,1,0,0,3,54,1695,7,4,0.7,93,19,5,283,1151
1972,1,0,1,1,1,1,3,5,625,19,4,0.9,95,10,1,955,1781
1887,0,0,0,1,1,0,2,35,3203,7,4,0.9,115,7,5,178,1275
1590,0,0,1,0,1,0,6,13,2440,1,0,0.4,111,19,0,759,1187
603,0,1,0,0,1,1,8,42,1934,0,0,0.2,135,14,10,746,754
560,1,1,0,0,1,1,4,37,3278,14,11,0.6,121,15,9,237,551
1981,0,1,1,1,1,0,5,34,3764,20,10,0.1,117,11,4,929,1552
1190,0,1,0,0,1,1,6,18,3571,2,0,0.6,160,6,5,644,1070
1396,1,1,1,1,1,1,4,10,3881,16,7,0.3,108,13,0,646,1721
1598,0,1,1,1,1,0,1,57,1663,1,0,0.9,89,14,9,371,783
1692,1,0,0,0,1,1,3,11,524,7,5,0.1,151,5,2,1256,1386
628,1,1,1,0,1,1,8,26,1853,2,0,0.5,106,13,10,389,517
1883,0,0,1,1,1,0,6,6,2067,4,1,0.9,145,8,0,123,1320
819,0,1,0,0,1,1,1,16,3325,10,5,0.1,163,15,5,663,1788
651,1,0,1,1,1,1,1,7,2151,6,0,0.6,129,19,10,1268,1423
723,1,0,0,0,0,0,2,27,2044,9,2,0.7,145,13,6,98,1175
1367,0,1,0,0,1,1,4,58,3946,20,2,0.6,184,16,9,721,1210
1784,0,1,1,0,1,1,5,3,2110,5,1,0.3,125,10,5,1424,1672
1744,0,1,0,1,1,1,7,35,656,9,5,0.3,137,17,4,915,1554
1086,0,0,0,0,1,0,6,7,3297,14,11,0.5,116,18,0,635,1839
899,0,0,1,1,1,1,8,3,1296,0,0,0.1,165,14,11,167,1239
896,0,0,0,0,1,0,6,29,1650,10,3,0.5,91,16,6,135,820
1714,1,0,1,1,1,1,8,59,2546,19,9,0.5,186,18,10,991,1274
1395,1,1,0,0,1,0,6,38,915,16,5,0.3,167,5,4,896,1501
786,0,0,1,1,1,0,1,28,331,7,2,0.5,198,14,2,3,1058
1687,1,0,1,1,0,0,2,14,3975,14,4,0.9,120,19,3,924,1461
669,0,1,0,1,1,1,5,10,2801,20,18,0.6,171,6,2,1300,1834
1423,1,1,0,0,1,0,4,51,3331,18,1,0.8,178,8,2,633,1371
1600,1,0,1,1,1,0,1,44,2939,8,5,0.1,98,8,3,735,1205
1621,0,1,0,1,1,0,7,59,2706,16,14,0.7,160,12,3,213,1120
1672,1,1,1,0,0,0,7,37,1335,15,10,0.3,194,7,1,495,839
1934,0,0,1,0,1,1,4,48,3370,18,9,0.1,128,7,6,475,853
1650,0,1,0,0,0,0,3,62,2596,15,0,0.3,81,5,2,1305,1918
1700,0,0,1,1,0,0,5,33,2477,2,1,0.8,189,9,8,382,1151
1550,1,1,0,0,1,1,5,29,3465,2,1,0.6,171,10,1,572,1499
626,1,0,1,0,0,0,2,8,2589,6,4,0.2,185,15,10,16,1410
1737,0,1,1,1,1,0,5,14,2363,2,0,0.4,156,8,0,1028,1757
1370,0,0,1,0,0,0,1,6,1302,7,1,0.7,113,7,3,482,1689
1899,0,1,1,1,0,0,4,14,1677,16,15,0.4,191,5,1,1200,1345
848,1,1,0,0,1,0,5,31,1108,1,0,0.7,123,15,6,299,756
1430,1,1,0,1,1,1,4,16,2916,1,0,0.2,171,6,3,696,757
768,1,1,0,1,1,0,4,45,3947,16,1,0.1,175,6,1,1164,1376
1856,1,1,0,1,1,1,3,15,1514,14,9,0.5,160,7,1,450,714
900,1,1,0,0,1,1,4,64,942,12,11,0.7,149,13,5,164,708
1729,1,0,1,1,1,0,7,38,700,8,0,0.2,136,8,2,77,1910
1533,1,1,0,0,0,0,1,42,3246,13,3,0.2,87,10,2,1316,1618
1210,0,1,0,0,1,0,6,63,977,4,0,0.9,141,14,6,51,1761
1880,0,1,1,1,1,1,8,10,3538,4,1,0.5,198,19,16,1664,1708
996,1,0,1,1,1,0,7,61,1235,15,14,0.8,174,11,10,400,989
1175,1,0,0,1,1,1,5,40,1507,18,12,0.1,172,15,14,812,1251
1773,0,0,0,1,1,0,5,33,1994,13,7,0.3,143,16,9,831,1170
1263,0,0,0,1,1,1,5,54,458,14,11,0.6,100,12,5,12,1857
1956,1,0,1,1,1,1,4,5,2130,11,10,0.8,156,7,3,870,1753
992,0,0,1,1,1,0,4,27,3894,14,10,0.3,162,15,9,106,767
911,0,1,1,0,1,1,5,13,1843,2,1,0.3,126,13,6,713,760
1979,1,0,1,1,1,0,3,54,3151,19,15,0.3,136,12,1,669,1311
1899,0,0,1,1,1,1,4,55,1796,0,0,0.3,93,7,4,1359,1981
1649,0,1,1,1,1,1,3,40,2755,3,1,0.1,159,15,9,177,586
1095,0,1,1,1,0,0,6,47,1334,15,9,0.3,152,12,2,354,1827
1074,0,0,1,0,1,1,4,61,2791,11,0,0.6,117,7,1,305,1770
656,0,0,0,1,1,1,2,48,1132,0,0,0.2,164,5,0,303,508
1394,1,1,1,1,0,0,3,8,730,9,7,0.8,150,15,7,215,1018
1632,0,1,0,0,1,1,4,45,379,3,2,0.8,132,18,13,22,1256
1225,0,0,0,0,0,0,3,35,1261,17,13,0.5,128,12,4,1324,1490
1337,0,1,0,1,0,0,6,48,3213,2,0,0.9,107,10,5,819,1129
1178,0,1,1,1,1,1,2,11,2106,1,0,0.5,98,17,10,1549,1661
1269,1,0,0,1,1,0,4,51,827,19,1,0.7,180,15,6,410,1782
1526,0,1,1,0,1,1,4,32,647,12,7,0.5,128,19,3,1152,1592
986,0,0,1,1,1,1,8,16,300,9,7,0.4,144,8,5,234,628
848,1,0,0,1,1,1,2,41,3939,2,1,0.2,171,6,3,388,1015
1904,1,1,1,1,0,0,4,14,2091,13,8,0.5,95,8,0,636,828
803,0,1,0,1,1,0,1,16,1492,0,0,0.1,105,17,12,199,736
1399,1,1,0,1,1,0,1,56,3128,15,1,0.3,153,17,2,130,611
788,0,1,1,1,1,1,4,22,3750,6,0,0.5,163,13,10,1114,1732
579,0,1,0,0,1,1,1,58,1435,9,6,0.2,125,18,9,786,1685
1010,1,0,0,1,1,1,8,28,3302,5,4,0.5,195,14,2,117,841
530,1,1,1,1,1,0,3,47,3455,2,0,0.5,93,19,8,463,912
1289,0,1,1,0,0,0,7,64,2782,14,1,0.6,125,9,3,173,548
1877,0,1,1,0,0,0,8,10,3969,6,4,0.9,123,6,0,134,610
1764,1,0,1,0,1,1,7,48,1589,17,11,0.9,90,19,10,444,581
1709,0,0,1,1,1,1,6,13,3899,6,1,0.6,191,16,13,74,516
1690,0,0,1,1,1,0,3,28,3571,1,0,0.9,85,18,2,1304,1332
600,1,0,0,1,0,0,4,9,2800,10,3,0.2,145,17,6,584,714
743,1,0,1,0,1,1,2,53,2938,10,9,0.3,149,9,3,670,1070
1850,1,0,1,1,1,0,8,41,3032,13,9,0.8,133,8,1,27,518
1297,1,0,1,1,0,0,1,17,3652,14,12,0.1,196,19,4,559,813
1706,0,0,0,1,1,1,5,44,3238,13,10,0.2,137,5,3,716,1440
1967,0,0,1,0,1,1,5,23,325,16,11,0.6,135,16,0,931,1726
1392,1,1,0,1,0,0,2,63,3850,9,6,0.5,181,12,8,573,1468
1248,1,1,0,1,1,1,2,12,1266,3,2,0.1,170,11,0,328,1378
894,1,1,0,1,0,0,2,27,3454,6,2,0.3,192,9,4,932,1576
1829,0,0,0,0,1,1,3,54,1634,20,2,0.6,98,7,0,383,1160
1372,1,0,1,0,1,1,6,42,3208,10,3,0.7,124,18,5,68,1998
1429,1,1,0,0,1,0,4,11,1955,8,7,0.7,150,7,5,436,813
706,1,0,1,1,1,1,5,4,3735,18,10,0.8,190,12,7,204,966
649,1,0,1,0,0,0,4,51,3446,12,0,0.6,179,11,5,1174,1388
1137,0,1,1,0,1,1,3,7,946,18,3,1,122,13,4,537,620
1320,0,1,1,1,1,1,1,6,1626,14,11,0.2,164,11,9,1034,1836
792,1,0,1,0,0,0,4,48,1583,16,7,0.5,144,15,2,371,888
918,0,1,1,0,1,0,7,25,3676,8,7,0.9,149,6,2,178,1850
929,0,1,0,1,1,1,7,13,1704,8,7,1,146,15,2,213,1714
767,0,1,1,1,1,0,5,30,3485,8,4,0.8,100,9,1,798,1955
1739,1,0,0,0,1,0,8,39,1882,10,9,0.5,135,13,12,86,1957
1315,0,0,1,0,1,1,1,15,3928,0,0,0.4,134,8,4,489,624
1388,0,0,0,1,1,1,1,31,346,14,4,0.6,184,8,2,1338,1443
1981,1,0,0,1,0,0,4,36,395,2,1,0.3,94,9,7,128,1457
569,1,0,0,1,1,1,8,53,1243,20,1,1,170,17,10,457,1555
1930,0,0,1,0,0,0,1,57,682,9,2,0.2,151,16,10,678,1117
725,0,1,1,0,0,0,3,61,3074,17,10,0.8,108,7,6,260,508
1690,0,0,1,0,0,0,8,51,451,15,0,0.8,130,6,4,713,1092
712,0,1,0,0,1,1,4,33,1471,5,1,0.2,86,15,0,163,799
1603,1,1,0,1,1,1,8,37,1748,9,8,1,95,15,10,1430,1622
1850,1,1,0,0,1,0,8,18,1853,3,0,0.1,132,15,0,633,1382
1472,1,1,1,1,1,1,3,41,1514,6,4,1,145,8,1,242,619
1858,1,0,1,1,1,1,5,43,1886,3,1,0.2,167,9,3,1154,1473
1543,1,1,0,1,1,1,8,46,3023,13,0,0.8,116,6,4,48,679
652,0,1,0,1,0,0,6,37,2904,11,4,0.8,174,16,8,416,1652
546,1,0,1,1,1,1,6,55,628,12,6,0.9,100,12,3,493,1477
1408,1,1,0,1,0,0,8,6,1833,3,1,0.9,145,9,1,621,692
1021,1,0,1,1,1,1,7,31,1066,10,3,0.1,97,18,15,189,1327
567,0,0,1,1,1,0,2,60,1150,15,14,0.1,111,17,16,152,1326
1967,0,1,0,1,1,0,8,62,2839,10,4,1,91,13,7,1355,1850
1658,0,0,1,1,1,1,3,61,2857,20,8,0.1,180,7,1,443,1100
1088,1,1,1,1,1,1,7,52,1447,4,2,0.3,164,19,16,86,588
542,1,1,1,0,1,1,2,12,3445,3,2,0.2,185,17,2,1674,1969
788,1,0,0,1,1,1,1,52,1941,20,6,0.1,96,14,0,530,1436
576,1,1,0,1,0,0,5,57,2522,15,10,0.7,179,11,5,1009,1656
950,0,1,0,0,1,1,3,41,2932,20,5,0.5,188,10,7,193,727
518,1,1,1,0,1,1,3,17,2239,7,3,0.5,133,7,3,564,765
1996,1,1,1,0,0,0,7,55,1852,8,4,0.3,81,8,2,890,1661
1197,0,0,0,0,1,1,6,38,3525,17,6,0.1,83,13,9,1516,1910
1006,1,1,0,1,1,0,1,14,1955,12,9,0.7,186,17,6,348,640
1679,0,1,1,0,1,1,4,4,1557,3,2,0.1,133,16,15,349,531
1262,1,0,1,1,1,1,7,64,3060,16,7,0.1,116,5,1,37,1018
560,0,0,0,1,1,0,1,29,2832,19,13,1,160,16,1,906,1189
904,0,0,0,0,1,1,4,55,2008,13,5,0.6,158,6,1,529,764
1834,0,1,1,0,1,1,3,55,2420,10,1,0.1,137,15,3,670,1179
681,0,0,1,1,0,0,3,13,292,17,8,0.8,87,12,10,288,621
687,1,0,1,1,1,1,2,14,1580,16,13,0.4,185,19,4,721,1620
863,0,0,0,0,1,1,6,52,1345,13,11,0.8,119,7,0,1060,1547
518,1,1,0,0,1,1,6,45,1208,15,0,0.7,159,10,9,564,739
1488,0,0,0,0,1,1,4,2,3349,0,0,0.1,124,17,6,765,777
944,1,0,0,0,1,0,3,35,2804,1,0,0.5,127,9,4,7,719
1283,1,0,0,1,1,0,6,48,1182,9,6,0.5,176,11,8,880,964
817,0,1,1,1,1,1,4,40,436,17,13,0.8,140,19,6,1180,1790
804,0,0,1,1,1,0,1,49,2256,18,2,0.6,105,16,1,638,939
1883,0,1,1,0,1,1,5,50,427,3,2,0.1,169,17,8,313,561
1177,0,0,0,0,1,1,7,2,715,12,5,0.9,141,19,5,490,793
1765,0,1,0,0,1,0,4,18,1199,8,7,0.9,85,7,4,791,1580
1997,0,0,1,0,1,1,8,60,788,16,10,0.7,84,17,15,1130,1687
989,1,1,1,1,0,0,4,14,507,11,1,0.2,148,13,10,513,1089
1370,0,1,0,1,1,1,6,56,974,3,0,0.5,124,5,4,919,1113
861,1,0,0,0,0,0,7,64,600,1,0,0.8,105,15,1,1376,1864
1745,0,0,1,0,1,0,2,45,2352,2,0,0.1,110,11,9,1070,1445
1187,1,0,1,1,1,1,8,4,2518,0,0,0.7,92,14,12,709,1306
1422,0,1,0,0,0,0,1,3,3941,13,12,0.9,145,9,7,1023,1223
658,0,1,0,0,1,1,8,38,2585,1,0,1,94,19,2,479,1300
1180,1,1,1,1,1,1,2,32,3504,1,0,0.8,97,17,7,1603,1762
521,1,1,1,1,1,1,4,64,834,11,1,0.8,200,6,5,575,1089
666,1,0,1,0,1,1,1,28,3850,13,1,0.9,179,7,5,157,1466
805,0,1,0,0,1,0,2,25,1580,3,0,0.3,174,15,13,522,553
1008,0,1,1,0,1,0,6,39,3589,5,0,0.9,161,14,1,565,1228
986,0,0,0,0,1,1,8,26,1316,9,0,0.1,80,7,5,0,1214
1655,1,0,0,0,1,0,2,23,1872,1,0,0.6,192,11,9,586,641
1391,0,1,1,0,1,1,5,53,1114,1,0,0.2,114,8,0,996,1521
1042,1,1,1,1,1,0,3,13,1715,20,11,0.1,148,17,7,98,569
916,0,1,1,1,1,1,3,44,2367,16,5,0.9,116,8,5,893,1132
681,1,0,1,0,1,0,3,29,575,7,1,0.9,162,15,5,1262,1332
1224,1,1,0,1,1,1,6,34,2992,3,1,1,138,13,5,1545,1751
1234,0,0,1,1,1,1,3,44,2819,17,4,0.4,107,13,3,797,1054
1093,0,1,1,0,0,0,8,63,3556,9,8,0.5,138,13,2,605,1966
583,0,0,0,0,1,1,5,33,3236,18,9,0.9,136,12,9,1673,1774
1598,1,1,0,1,1,1,2,49,1313,14,8,0.5,115,12,2,537,1233
1988,1,1,1,1,1,0,3,34,2872,16,3,0.4,163,7,6,1221,1981
1746,1,0,0,1,0,0,7,51,1822,19,9,0.8,184,18,17,754,790
907,0,1,0,0,1,0,2,53,3469,13,8,0.7,156,8,5,10,1881
1472,1,0,1,0,1,1,1,53,2001,4,3,0.7,103,14,0,438,690
916,1,1,0,0,0,0,4,10,3706,8,5,0.8,173,9,8,43,1012
1427,0,1,0,1,0,0,1,31,2542,20,2,0.9,186,7,6,934,1005
1101,1,1,0,1,1,0,5,5,1567,7,3,0.5,141,15,2,90,642
723,0,1,1,0,0,0,4,36,2669,0,0,0.8,104,17,6,263,514
1403,0,0,1,1,0,0,1,32,2499,5,4,0.1,117,16,10,257,551
657,1,1,0,1,0,0,1,45,2273,6,4,0.1,87,15,12,843,1260
1688,1,1,1,0,1,0,1,14,1773,2,0,0.9,118,13,0,48,1425
1086,0,0,1,0,1,0,7,35,421,17,10,0.6,125,7,5,577,1296
876,0,1,1,0,1,1,2,48,630,3,2,0.9,196,17,9,524,1225
1065,0,0,1,0,0,0,6,25,1114,1,0,0.6,189,5,1,776,996
1235,1,0,1,0,1,0,8,33,1623,16,3,0.1,164,10,3,633,1891
1959,1,1,0,0,1,1,3,2,2125,11,0,0.2,92,14,7,992,1418
650,1,1,1,0,1,0,4,48,1622,14,12,0.8,187,8,6,986,1291
1465,1,1,1,0,1,0,1,38,1162,7,0,0.3,88,14,10,478,613
1030,0,0,0,0,1,1,1,29,3762,7,6,0.1,113,5,4,174,624
853,0,1,0,1,1,1,6,26,3069,18,17,0.5,94,19,17,114,817
744,1,1,1,0,1,1,4,52,1571,7,6,0.9,196,7,5,268,600
583,1,1,0,1,1,0,2,24,3260,19,15,0.4,168,14,6,301,1111
690,0,0,0,0,1,0,1,62,3206,9,2,0.3,88,16,10,633,1240
683,0,1,0,1,1,1,1,56,592,17,16,0.1,190,17,9,144,585
590,0,0,1,1,1,0,3,30,1188,14,2,0.3,178,18,11,486,825
1266,0,1,1,0,1,1,7,2,3067,1,0,0.7,87,11,10,640,1357
815,1,1,0,0,0,0,7,18,2131,12,9,0.9,83,17,7,243,525
1893,0,1,0,1,1,1,1,42,1425,3,0,0.5,179,19,1,1133,1851
1202,0,0,0,1,0,0,2,22,291,8,3,0.4,112,5,2,1900,1959
1577,1,1,0,0,1,1,8,3,3116,17,16,0.7,180,13,6,523,573
1234,1,0,0,0,1,1,1,44,2440,12,8,0.8,129,7,4,1783,1891
717,0,0,1,0,1,1,5,25,3631,8,1,0.4,173,6,5,668,1587
1074,1,1,0,0,0,0,4,35,1104,13,5,0.6,193,16,10,269,597
1439,1,1,0,0,1,1,1,58,3069,20,11,0.2,183,17,11,794,1552
983,1,1,0,0,1,1,8,55,1425,8,7,0.4,168,14,0,205,963
1988,0,0,0,0,1,1,4,63,2276,11,7,0.6,153,13,7,615,937
1692,1,0,1,1,1,1,3,25,3192,12,0,0.7,149,9,4,1111,1898
718,0,1,1,1,0,0,4,35,3021,5,2,0.9,181,10,4,1226,1763
1519,0,0,0,0,1,1,8,36,3082,2,0,0.6,93,18,11,661,1852
776,0,0,1,1,0,0,2,9,1346,12,9,0.5,110,5,2,584,974
881,1,1,1,0,1,0,1,36,2354,6,1,0.5,167,19,10,1381,1444
1018,1,0,0,1,1,1,7,25,732,2,0,0.8,152,12,8,292,616
1031,1,1,0,1,1,1,8,31,2305,19,2,0.1,82,10,4,737,1404
875,1,0,1,0,1,0,7,37,2985,20,14,0.6,151,6,1,1289,1668
1341,1,0,1,0,1,1,5,40,265,12,5,0.2,128,19,3,1434,1700
560,0,1,0,0,1,1,1,5,2050,8,4,0.3,106,18,13,1338,1386
1719,0,0,1,0,1,1,7,63,1669,2,0,0.7,189,14,0,589,1637
1703,1,0,1,0,1,1,8,43,585,17,16,1,139,13,11,178,1972
1408,0,1,1,0,1,0,1,59,342,2,1,0.8,168,8,0,716,1470
701,0,1,0,0,1,0,4,53,1972,7,3,0.2,87,9,8,1063,1149
1560,0,1,0,0,0,0,2,47,1540,18,14,0.3,172,17,7,910,1908
695,1,1,1,0,1,0,5,51,2463,5,4,0.8,93,7,2,174,538
1487,0,0,1,0,1,1,4,6,3259,19,18,0.8,191,11,9,665,1072
1546,0,1,1,0,0,0,7,55,3371,14,3,0.2,115,16,7,1425,1594
511,0,1,0,0,1,1,4,43,3370,15,12,0.4,120,16,5,1291,1583
507,0,0,0,0,0,0,1,33,2884,6,5,0.6,186,18,7,535,897
1490,0,1,1,0,1,0,2,10,2994,7,2,0.6,130,16,1,1357,1826
1859,0,0,0,0,1,1,1,52,1604,2,0,1,187,15,12,651,966
1257,0,0,0,0,1,1,5,31,2014,10,3,0.6,155,15,8,1006,1533
926,0,0,1,1,1,1,5,29,2709,18,0,0.7,118,5,4,349,1594
1303,0,0,0,0,0,0,4,7,2865,5,2,0.6,98,17,3,740,1908
657,0,0,1,1,0,0,5,35,3617,14,0,0.6,143,17,14,1189,1545
1812,1,0,0,1,1,0,3,44,3814,16,9,0.2,197,9,6,299,1212
1943,1,0,1,1,1,1,1,29,1990,1,0,0.4,121,5,2,440,1126
1082,1,1,0,0,1,1,7,24,1428,9,4,0.9,167,16,0,425,761
721,0,1,0,0,0,0,4,49,3473,8,1,0.6,168,15,8,35,598
654,1,1,1,1,1,0,1,56,2609,4,2,0.7,122,7,2,441,520
1948,0,1,1,0,1,0,2,31,2070,7,2,0.4,122,5,3,968,1208
1242,0,0,1,1,1,1,1,56,2620,8,4,0.1,122,18,11,753,1785
1453,0,1,1,0,1,0,1,24,1619,1,0,0.3,156,11,5,29,1055
1948,1,1,1,0,1,1,7,13,493,12,3,0.2,164,18,7,336,587
1232,0,0,1,0,1,0,6,58,2334,6,5,1,142,14,8,1062,1393
795,1,0,0,1,1,1,3,55,3030,11,4,0.3,155,12,8,226,1737
1915,0,0,1,0,0,0,4,24,345,17,4,0.2,106,18,10,923,1502
532,1,0,1,0,0,0,7,51,1525,14,7,0.6,180,7,6,406,1249
1899,0,1,1,0,1,1,5,28,499,7,4,0.1,95,5,3,781,1418
1767,1,0,0,0,0,0,5,31,3989,8,5,0.6,88,13,8,461,556
1667,0,1,0,0,0,0,3,5,1496,20,17,0.8,119,13,9,211,1797
1346,0,0,1,1,1,0,4,31,1287,11,5,0.3,140,10,6,17,785
958,0,1,1,0,1,0,7,54,3324,2,1,0.9,166,11,10,121,630
1391,1,0,0,1,1,1,3,39,2367,18,6,0.9,88,18,11,491,1737
1176,0,1,1,0,1,0,2,56,2974,1,0,0.7,103,6,5,93,518
1863,0,0,0,1,1,1,2,16,990,19,5,0.4,113,6,5,261,684
1911,1,0,0,1,1,1,7,16,3665,4,3,0.7,154,14,12,236,1568
1789,1,1,0,1,1,1,6,36,815,11,6,0.5,123,5,0,418,1740
972,0,1,0,0,1,0,1,64,2759,9,2,0.1,85,13,7,550,890
1256,1,0,0,0,1,0,1,8,2991,9,3,0.4,191,7,6,396,644
1846,0,0,1,1,1,0,6,35,581,0,0,0.7,107,16,4,1336,1432
1900,0,0,0,0,1,0,8,41,3611,1,0,0.4,112,14,1,342,778
769,0,1,0,1,1,1,4,52,431,20,19,0.7,118,15,4,263,1786
756,1,0,0,0,1,0,1,33,3402,3,0,0.2,177,19,0,506,573
1728,1,0,0,1,1,1,1,43,3480,0,0,0.7,152,11,8,1029,1535
1970,0,0,0,0,1,1,2,9,768,7,3,0.2,163,13,2,110,1454
1021,1,0,1,1,1,1,6,47,2215,18,6,0.3,173,13,12,224,1360
888,1,0,0,1,0,0,5,14,1849,17,5,0.9,98,5,1,891,1432
1419,0,0,0,0,0,0,7,39,3435,1,0,0.2,189,9,2,727,1132
1959,0,1,0,0,1,0,3,30,3057,1,0,0.1,153,14,1,901,1027
1394,0,0,0,0,1,0,6,63,1731,2,1,0.4,103,19,18,1152,1245
1715,0,1,0,1,1,1,7,30,768,3,2,0.9,134,19,9,1853,1971
588,1,0,0,1,0,0,6,40,2780,5,1,0.3,116,5,2,185,923
1607,0,1,0,1,1,1,2,29,3469,9,2,0.7,105,10,1,243,1234
1171,0,1,1,0,1,1,1,47,3092,11,8,0.4,192,8,2,371,674
1138,1,0,0,1,1,0,4,57,313,6,0,0.2,85,16,11,1315,1569
1096,0,0,0,1,1,0,4,40,2931,13,3,0.6,113,10,8,614,1757
906,1,0,0,0,1,1,8,14,1761,15,10,0.5,83,17,11,176,641
740,1,0,1,1,1,1,3,47,3578,5,0,0.7,166,15,5,417,596
1435,0,1,1,1,1,1,4,62,369,14,10,0.1,150,8,1,453,664
1745,1,1,1,0,1,1,3,21,3507,14,3,0.2,89,18,1,202,1670
1995,1,0,0,1,1,1,2,4,3452,20,2,0.8,171,6,3,1133,1972
1813,0,0,1,1,1,1,2,28,981,14,10,0.5,159,15,14,1655,1899
1719,1,1,1,1,0,0,3,40,2534,12,2,0.1,118,10,6,658,1778
812,0,0,0,1,1,1,7,17,3248,11,1,0.6,182,13,10,595,891
987,1,1,1,0,1,1,7,63,2646,6,0,0.3,154,12,1,150,1623
977,0,1,1,0,1,0,3,50,3454,6,5,0.5,106,15,14,1124,1758
1289,1,1,1,0,0,0,2,7,375,18,0,0.1,99,5,1,489,565
1125,1,1,1,0,0,0,1,42,1622,20,3,0.9,158,13,0,647,751
1733,1,1,0,1,1,0,3,28,2246,15,14,0.8,104,18,6,749,1203
1333,1,1,1,1,0,0,1,35,3816,4,1,0.9,198,18,7,477,651
964,1,1,1,1,1,1,6,48,1597,13,3,0.9,131,15,7,829,1154
1613,0,0,1,0,1,1,2,24,3733,5,1,0.4,195,15,5,1141,1590
1123,1,1,0,0,0,0,4,8,2877,4,1,0.6,171,17,9,1096,1152
1913,0,1,1,0,1,1,4,7,3227,16,0,0.3,136,6,0,612,1108
1302,0,0,1,0,1,1,7,20,1446,7,3,0.6,184,8,6,1099,1202
797,1,0,0,1,1,1,1,9,1043,14,0,0.1,104,13,11,1515,1812
1074,1,1,0,1,0,0,2,9,1649,7,5,0.1,174,16,3,41,756
1411,1,1,0,0,1,0,5,61,483,3,0,0.3,165,16,5,1128,1959
1502,1,1,1,1,1,1,5,16,3712,1,0,0.5,187,9,2,492,750
983,0,1,1,0,1,0,4,22,1694,20,1,0.1,170,19,15,1542,1765
1457,0,0,0,1,1,0,7,8,584,13,7,0.3,120,13,4,786,1032
1315,1,1,0,0,1,1,6,40,3431,6,3,0.6,162,8,2,1272,1316
1514,0,0,0,0,0,0,5,11,2315,17,11,0.2,187,13,0,656,1451
1604,1,1,1,1,1,1,5,63,3870,1,0,0.8,169,16,13,399,1360
1919,1,0,0,1,1,1,8,63,2205,20,11,0.9,109,9,4,771,1829
1152,0,1,1,0,0,0,3,44,986,4,2,1,80,7,5,567,1802
664,1,1,0,0,1,1,5,40,3366,15,10,0.1,173,8,4,1002,1260
1848,0,0,0,0,0,0,6,36,3380,10,9,0.1,174,10,2,317,540
1319,1,0,1,1,1,1,1,28,3095,19,9,0.8,178,7,1,1080,1886
1189,0,1,0,0,1,1,7,20,2509,9,4,0.3,171,17,7,1321,1717
1130,0,1,1,1,1,1,6,59,3785,4,1,0.8,98,17,4,185,555
654,1,1,1,1,1,0,4,5,3801,14,11,0.7,199,14,13,208,1975
727,1,1,1,1,1,1,8,42,2039,1,0,0.1,163,5,0,44,757
1688,1,0,0,1,1,1,6,53,2156,16,7,0.3,88,5,4,598,695
1275,0,0,0,0,1,0,8,44,1354,2,1,0.6,136,7,5,11,1130
1108,0,1,1,1,1,1,5,37,3094,14,3,0.4,143,6,1,97,706
839,0,1,0,0,0,0,2,37,3505,7,4,0.7,93,5,1,43,1211
1464,0,0,0,1,1,1,5,6,3725,2,1,0.4,97,9,1,303,701
750,1,1,0,0,1,0,1,33,1422,0,0,0.8,156,6,5,645,1680
1749,1,0,1,0,1,0,3,57,786,15,9,0.6,183,8,1,415,589
1229,1,1,1,0,1,0,5,42,1712,5,2,0.1,197,11,9,126,666
1506,0,1,0,1,1,1,7,47,1522,20,19,0.6,130,5,1,126,1150
1887,1,0,0,0,1,0,4,23,1811,20,0,0.5,148,18,16,837,1504
652,0,0,1,0,1,0,1,3,2807,8,6,0.6,193,19,17,1036,1345
1422,0,1,1,0,1,0,6,30,2229,14,7,0.5,99,15,5,207,1038
709,1,0,0,1,1,0,4,63,1509,14,10,0.3,150,7,2,345,601
583,1,0,0,1,1,1,8,62,886,6,1,0.8,84,13,2,717,1717
941,0,0,1,1,1,0,3,26,2875,5,3,0.4,128,6,3,994,1494
763,0,0,1,1,1,1,1,59,2863,17,4,0.6,119,18,3,724,737
1581,0,1,0,0,1,1,2,55,3936,1,0,0.6,138,5,1,890,1980
1045,1,0,1,1,1,0,2,25,2267,10,5,0.3,83,18,4,440,1730
1308,0,1,1,1,1,0,5,34,386,0,0,0.5,169,8,0,432,1219
702,0,1,0,1,0,0,5,38,3131,7,1,1,82,11,9,2,1152
868,0,1,0,0,1,1,7,36,1655,13,4,0.2,175,12,10,123,1735
877,0,1,1,1,0,0,4,12,3730,20,16,0.9,107,14,3,568,1267
1275,1,0,1,1,1,0,2,24,3397,11,5,0.3,184,19,15,299,1239
1439,0,1,1,1,0,0,8,50,805,1,0,0.7,182,8,5,559,1573
510,0,0,1,1,1,1,1,15,2187,1,0,0.5,131,5,4,268,1505
1038,0,1,0,0,1,1,6,42,3984,11,1,0.2,150,14,9,79,1186
529,1,1,1,1,1,1,2,32,1561,17,13,0.7,139,12,0,797,878
1203,0,1,1,0,1,1,3,20,2307,17,8,0.7,157,7,5,1153,1688
768,0,1,1,0,1,0,4,13,1921,18,10,0.2,133,8,2,520,575
1780,0,1,1,1,0,0,1,30,1066,8,2,0.2,82,13,6,324,1461
1021,1,1,1,1,1,1,8,9,773,4,2,0.5,184,13,2,490,1647
1334,0,0,0,1,1,0,2,35,1038,1,0,0.1,199,16,14,158,971
1153,0,1,1,0,1,1,3,34,2225,3,2,0.6,133,9,8,1788,1886
1138,1,1,1,1,1,1,4,51,1327,2,0,0.3,172,13,12,1162,1794
1263,1,0,0,0,0,0,7,4,668,18,13,0.9,178,14,3,508,1047
825,1,0,0,0,0,0,3,56,1692,20,11,0.7,173,18,1,783,960
1894,1,1,0,1,1,0,3,16,1021,20,10,0.1,172,18,17,1634,1937
1383,1,0,0,0,1,1,6,40,2510,19,11,0.1,147,18,9,487,507
837,1,1,1,1,0,0,4,27,2388,9,2,0.5,167,5,0,551,1784
640,1,0,0,0,0,0,1,63,346,1,0,0.2,94,10,7,1816,1869
1194,1,1,0,1,1,0,5,3,2872,8,3,0.2,90,6,5,46,1288
520,0,0,0,1,1,1,3,44,3616,9,2,0.6,127,15,4,12,914
942,1,1,1,0,1,0,5,11,1783,19,6,0.5,196,7,5,451,1310
558,1,1,0,0,1,1,4,24,482,16,5,0.1,169,12,4,447,804
1733,0,0,0,1,1,0,6,56,3352,15,9,0.5,111,6,5,633,1649
1210,0,0,1,0,1,1,8,52,1104,1,0,0.1,183,11,2,567,579
880,1,0,1,1,1,1,4,32,1141,17,7,0.5,141,19,17,346,739
1938,1,1,0,1,1,0,2,60,3691,7,4,0.4,171,9,5,76,1084
657,0,0,1,1,0,0,2,28,2602,19,4,1,118,9,0,1444,1735
1273,0,0,0,1,1,1,1,47,303,12,6,0.2,98,11,2,685,1352
1842,0,1,0,0,1,1,3,19,585,0,0,0.2,147,11,3,565,709
1567,1,1,1,0,1,0,4,45,927,12,8,0.6,99,19,9,870,1020
914,0,1,1,1,1,0,2,36,786,13,6,1,128,19,8,1032,1822
1568,1,0,0,1,0,0,8,22,294,6,4,0.1,119,13,2,661,1584
873,0,1,0,0,1,1,6,30,3655,18,4,0.2,175,15,13,237,1531
1371,0,0,0,0,1,1,4,57,286,5,0,0.8,108,11,9,352,810
1739,1,0,0,0,0,0,1,15,3285,7,1,0.9,100,17,8,426,793
630,1,0,0,0,1,0,8,56,1317,10,1,0.2,119,6,5,1329,1445
1507,0,0,1,0,1,1,6,54,3547,9,0,0.3,112,17,6,346,1511
735,0,1,0,1,1,1,2,17,2484,6,4,0.6,131,11,2,610,1283
941,0,0,1,0,1,1,8,41,1791,4,1,0.3,117,7,4,652,1855
1216,0,0,0,1,1,0,3,26,3607,4,1,0.7,116,10,0,957,1811
621,1,1,0,1,0,0,8,3,3521,15,10,0.6,148,6,3,972,997
934,1,1,0,1,0,0,6,61,1180,4,3,0.2,138,14,12,10,613
1962,0,1,1,1,1,1,7,18,2026,6,1,0.9,159,10,3,282,507
574,0,1,1,1,0,0,6,41,1865,13,0,0.8,85,6,5,288,502
1078,0,1,0,0,1,0,2,56,3471,6,3,0.6,158,10,2,257,1986
761,1,0,0,0,1,1,8,37,2270,16,15,0.9,174,9,1,867,1978
1758,1,1,1,0,0,0,3,29,2940,20,14,0.1,155,14,5,60,1151
1745,1,1,1,0,0,0,2,47,1715,18,13,0.6,154,6,4,1017,1953
1657,0,1,1,0,1,1,3,40,841,6,1,0.2,170,13,10,518,1723
968,0,1,1,0,1,1,5,26,3381,14,10,0.5,88,14,5,954,1159
1329,1,0,0,1,0,0,4,10,337,10,1,1,105,5,4,871,1293
1923,1,0,0,0,1,1,2,13,1868,4,2,0.7,147,11,6,927,1623
613,1,0,1,0,1,0,8,53,1509,0,0,0.4,200,19,18,519,586
1268,1,0,0,0,0,0,1,53,2903,9,4,0.5,141,17,0,682,862
519,1,1,1,0,1,0,3,3,1231,5,2,0.6,83,8,6,491,1527
1157,1,1,1,1,1,0,8,19,1403,18,16,0.5,87,6,1,137,1154
519,0,0,1,1,1,1,7,45,1580,11,7,0.1,186,12,10,1248,1733
1308,1,1,0,1,0,0,5,51,1189,17,1,0.2,113,14,1,1471,1604
1403,0,1,1,0,1,1,8,42,1381,9,4,0.5,144,12,7,1156,1252
936,0,0,0,0,1,1,1,38,2826,17,2,0.6,122,19,15,766,1263
1878,1,0,1,1,0,0,7,31,1342,10,8,0.5,183,17,14,1369,1389
1141,0,1,0,1,1,1,2,2,3386,4,1,1,92,6,0,456,1387
794,0,1,1,0,1,1,2,3,1141,18,2,0.3,127,18,6,1559,1729
1260,0,0,1,1,1,0,2,60,3964,6,3,0.9,85,15,8,973,1109
1281,1,0,0,1,1,1,2,6,2713,9,2,0.6,191,13,7,363,811
1208,1,0,1,0,1,0,2,17,2165,1,0,0.2,168,9,1,1686,1793
1023,0,1,0,1,0,0,4,44,1830,17,16,0.7,176,14,11,629,1158
1515,1,0,1,0,1,0,3,36,3546,10,9,0.1,118,7,6,796,1692
1333,1,1,1,1,1,0,5,45,2585,5,1,0.6,128,7,1,557,1716
529,1,1,0,0,1,1,2,58,873,18,3,1,197,11,5,658,1294
1887,0,0,0,0,1,1,8,41,1664,15,6,0.9,81,19,14,939,973
876,0,0,1,0,1,1,7,41,3334,16,12,0.3,92,16,3,140,512
687,1,1,1,1,1,1,7,56,569,19,13,0.8,131,18,1,580,736
1153,0,1,0,1,1,1,5,62,3353,0,0,0.2,94,7,5,186,1279
1637,0,1,0,1,1,1,6,33,3693,16,5,0.4,118,7,3,1375,1474
1131,1,1,0,0,1,1,5,27,503,16,0,0.9,162,12,5,487,870
1764,0,1,1,0,1,1,3,8,2406,1,0,1,125,19,18,180,1443
1544,1,0,1,1,1,1,1,64,1715,6,2,0.3,193,8,0,595,675
844,1,1,1,0,1,1,7,22,2179,4,3,0.9,172,10,6,241,926
985,1,1,0,1,1,1,8,5,3071,9,4,0.8,158,14,4,19,1496
703,1,0,1,1,1,1,1,18,355,9,6,0.1,178,8,6,1182,1697
1906,0,0,1,1,1,0,4,14,3375,12,3,0.5,114,6,3,199,867
617,0,0,0,1,0,0,1,40,2921,18,11,0.9,108,17,1,659,1318
617,1,1,1,0,0,0,8,47,341,18,7,0.5,153,11,3,356,838
716,1,1,1,1,1,1,1,56,3947,2,0,0.7,167,6,3,390,722
676,0,0,0,0,1,1,5,54,2650,2,1,0.8,182,5,0,805,1710
1770,0,1,0,0,1,0,2,12,3816,9,8,0.8,118,8,4,57,891
1857,0,0,0,1,0,0,1,62,336,0,0,0.6,147,19,0,1028,1465
524,1,0,1,1,1,1,7,10,625,14,8,0.1,85,6,0,287,655
576,0,0,1,1,0,0,5,56,3891,17,8,0.1,174,12,9,1371,1426
553,0,1,1,1,1,1,4,8,1042,3,2,0.5,153,15,11,525,1601
1012,1,1,0,1,1,1,3,8,2141,12,10,1,181,18,14,1176,1496
823,0,0,1,0,1,1,5,24,2279,15,11,0.5,195,6,4,1364,1516
1928,0,0,0,1,1,0,8,44,3828,19,5,0.9,109,9,4,701,1156
804,0,0,0,0,1,1,1,12,2310,10,5,1,183,10,8,1805,1978
1517,1,0,0,1,1,1,3,42,2162,1,0,0.7,101,9,0,483,1814
1500,0,0,0,1,1,0,8,39,1988,11,7,0.1,176,10,6,808,1889
1425,0,1,0,0,1,1,7,37,2786,6,4,0.7,135,17,1,666,1220
547,1,0,0,1,1,1,8,3,1972,5,4,0.4,197,11,5,98,1506
1886,1,0,0,0,1,1,1,26,1828,17,13,0.5,115,5,3,339,1670
1804,0,1,0,0,1,1,1,4,3286,13,1,0.5,111,17,8,1235,1255
685,1,0,1,1,1,1,3,2,1282,6,2,0.4,172,7,6,295,558
1352,0,0,0,1,1,1,2,22,1562,12,8,0.9,111,16,5,346,682
1785,0,1,1,0,0,0,4,18,1202,1,0,0.1,180,12,4,116,518
1300,0,0,0,1,0,0,6,61,2262,5,4,0.5,143,16,11,353,758
1184,1,1,1,0,1,1,8,33,2828,5,2,0.5,199,6,4,483,1598
1180,0,0,0,1,1,1,2,24,2025,16,7,0.2,198,8,0,486,1671
886,1,1,0,1,1,1,4,2,621,15,13,0.6,102,11,4,287,695
1309,1,0,0,0,1,1,6,12,293,20,9,0.9,98,15,0,871,1484
744,1,0,0,0,1,0,3,38,2001,5,1,0.3,188,15,13,846,1701
1408,0,1,1,1,1,1,6,59,393,3,1,0.9,172,15,11,744,1211
734,0,1,1,1,1,1,8,32,714,5,1,0.8,93,13,7,138,1042
500,1,0,1,0,1,0,3,28,3460,1,0,0.4,128,9,3,1010,1854
1745,1,0,0,1,0,0,1,45,1019,0,0,0.7,186,6,4,699,766
1296,0,1,0,1,1,0,3,43,1692,13,6,0.2,171,15,0,501,609
1256,1,0,0,0,1,1,2,51,2213,18,15,0.6,83,13,9,436,1308
782,1,1,0,1,0,0,5,20,655,19,8,0.6,109,17,4,406,1025
965,0,1,0,0,0,0,4,24,1567,7,5,0.7,105,5,0,403,718
652,0,1,0,1,1,1,6,14,1706,18,4,0.2,196,12,4,248,1487
1847,1,0,0,1,1,0,7,29,1017,13,6,0.7,112,16,7,1236,1374
1363,0,1,0,1,1,1,4,46,2951,19,9,0.5,120,7,0,1247,1338
1946,1,0,1,0,1,1,5,39,533,1,0,0.4,112,18,14,198,1045
1701,1,1,0,1,1,1,6,53,3340,14,2,0.8,88,14,11,1281,1776
1754,1,1,0,1,1,0,6,38,2765,20,13,0.9,83,6,4,141,808
1938,1,0,0,0,1,1,4,37,3881,1,0,1,94,5,1,1001,1714
992,0,1,1,1,0,0,7,52,332,12,10,0.3,107,14,9,663,1521
897,1,0,0,1,1,1,2,38,519,9,7,0.8,110,6,5,1610,1612
1423,1,1,1,1,0,0,3,58,1683,9,7,0.9,112,15,13,993,1295
1343,0,0,1,1,1,1,5,23,2629,17,6,0.4,97,13,7,643,817
761,1,1,1,0,1,1,3,52,2587,18,5,0.8,141,11,5,883,985
1742,1,0,1,1,1,1,8,20,1828,6,3,0.1,134,18,7,392,831
1181,0,1,0,1,1,1,5,51,608,5,0,0.9,198,15,10,71,586
1754,1,0,1,1,1,1,3,58,1446,17,1,0.9,197,18,3,823,1035
1315,1,1,0,1,1,1,2,58,2258,3,0,0.8,86,17,2,245,1064
649,1,0,1,0,1,0,1,38,558,10,0,0.5,130,8,4,893,1185
1967,1,1,1,0,1,0,6,25,1666,9,2,1,109,9,7,108,751
926,0,0,1,0,0,0,2,12,2244,9,2,0.8,179,14,8,801,880
933,0,0,0,1,0,0,8,33,758,19,9,0.2,191,14,13,129,925
913,0,0,0,1,0,0,5,58,1061,14,12,0.2,200,17,12,849,1993
1651,1,0,1,0,1,1,1,57,3421,6,1,0.2,193,9,0,697,924
1154,1,1,0,0,1,1,5,42,3950,7,5,0.5,117,17,14,1068,1851
1181,1,1,0,1,1,1,1,32,1435,16,5,0.2,181,11,10,450,623
1933,1,0,1,1,1,0,8,63,3142,6,0,0.4,181,14,3,242,668
1341,0,0,1,0,1,1,5,38,1579,10,8,1,170,16,4,601,937
534,0,1,1,1,1,1,1,3,2987,8,3,0.3,89,18,0,45,517
1324,1,1,1,1,1,1,6,28,3269,8,7,0.7,95,12,3,1243,1928
1803,0,1,0,0,1,1,2,9,406,12,7,0.9,112,9,3,156,1289
1888,1,1,1,0,1,1,4,53,1604,3,1,0.1,146,10,6,81,630
1540,0,0,0,0,1,1,5,40,793,7,4,0.4,162,12,7,93,1644
1590,0,1,0,0,1,0,8,15,1983,6,5,0.9,157,13,10,945,1015
1183,1,0,1,1,1,0,2,24,2637,16,11,0.6,130,16,1,19,769
1774,0,1,0,1,0,0,4,45,879,16,1,0.8,145,10,0,217,1159
1159,0,0,0,0,1,1,1,27,3258,15,2,0.7,137,8,0,1526,1805
723,0,1,0,1,1,1,1,10,2380,3,0,0.5,159,12,4,303,779
543,0,0,1,0,1,1,1,6,564,9,3,0.4,91,8,5,272,1317
1348,0,1,0,1,0,0,1,40,3543,20,18,0.1,148,12,1,539,665
1836,1,0,1,0,1,1,5,57,1039,20,18,0.8,111,5,3,169,876
1290,1,0,1,0,0,0,8,31,1895,0,0,0.7,117,11,9,599,750
645,0,1,0,1,1,0,3,5,1315,6,3,0.1,185,11,1,446,1573
1654,0,0,0,0,1,0,7,58,2801,3,2,0.7,119,8,0,460,1733
1156,1,1,0,1,1,1,2,3,3786,0,0,1,95,11,1,1094,1518
1341,1,1,0,0,0,0,6,43,3065,8,4,0.4,194,6,5,1096,1683
1427,0,0,0,0,1,1,8,40,2338,12,8,0.8,121,10,8,249,1541
1541,1,0,0,0,1,1,8,7,3137,14,1,0.5,143,9,0,287,1791
1693,0,1,1,0,0,0,2,41,575,17,9,0.1,139,16,5,181,1760
1567,1,0,1,0,1,0,3,23,3600,18,13,0.6,178,16,11,995,1215
1564,1,0,1,0,1,0,4,35,2545,6,5,0.9,173,18,6,186,1210
1787,1,0,1,0,1,0,7,11,541,9,4,0.4,103,14,11,35,757
770,0,1,1,0,1,1,2,33,1686,14,12,0.4,90,18,2,128,657
1748,1,1,0,0,0,0,7,7,989,4,1,0.5,189,12,7,196,802
1859,0,0,1,1,1,1,7,47,2691,0,0,0.1,85,14,13,35,1706
975,0,1,0,0,0,0,6,6,3787,17,5,0.6,163,8,7,769,1669
1597,0,0,0,1,1,1,7,10,2138,5,2,0.6,172,12,7,1455,1670
1941,1,0,1,1,0,0,4,42,763,12,9,0.7,108,13,3,36,726
1061,0,0,1,1,0,0,7,49,2260,20,6,0.6,133,19,16,1009,1222
1620,0,1,1,1,1,1,4,11,1732,11,7,0.5,191,13,2,495,1668
1366,1,1,0,0,0,0,3,51,2716,15,5,1,129,17,15,875,1760
1324,0,0,0,1,1,0,2,46,1424,19,9,0.1,107,16,7,59,553
1363,1,1,0,1,1,1,5,39,267,2,1,0.2,129,6,1,550,1248
1570,1,1,1,0,1,1,5,18,3153,13,0,0.4,148,6,2,509,544
1524,1,0,1,1,1,1,5,64,2905,16,6,0.4,83,6,1,351,592
1179,1,0,0,0,0,0,3,2,1435,0,0,0.3,93,19,13,481,536
1555,1,0,1,1,1,1,2,2,3596,11,8,0.9,90,11,6,57,516
981,1,1,1,1,1,0,5,15,1831,10,1,0.5,159,17,10,74,1485
1920,1,1,1,0,1,1,1,8,2099,7,6,0.4,194,10,5,588,1125
1470,1,0,1,0,0,0,6,54,1790,1,0,0.1,84,16,7,556,1512
1986,1,0,0,0,1,1,8,13,1190,7,5,0.2,108,7,5,757,1962
1371,0,0,1,1,1,1,4,19,1767,3,2,0.6,94,6,1,1023,1676
1852,0,0,0,1,1,1,3,25,3199,15,5,0.1,85,8,4,588,1353
1472,0,0,1,1,1,0,8,6,1621,10,7,0.1,182,17,0,861,1131
1055,1,1,1,1,1,1,6,29,2364,19,18,0.8,101,13,3,159,579
1371,1,1,1,1,1,0,2,3,2202,12,0,0.3,173,15,14,35,785
782,0,0,1,0,1,1,7,38,2753,2,0,0.4,199,14,13,349,1910
1452,0,1,1,1,1,1,5,36,1005,12,6,0.5,82,12,4,667,1680
519,1,1,0,1,1,1,1,33,889,12,11,0.7,135,19,3,527,889
1989,0,0,0,1,1,1,3,10,2158,18,16,0.9,86,14,8,135,576
1754,0,0,0,0,1,0,5,15,1966,1,0,0.1,166,12,7,318,1810
1329,1,0,1,0,1,1,7,42,774,4,3,0.1,144,14,8,579,896
1093,0,0,1,1,0,0,1,42,2856,4,0,0.4,114,12,3,762,1425
986,1,1,0,1,1,1,7,38,343,9,5,0.3,95,15,13,5,1359
848,0,0,0,1,1,1,4,39,475,16,7,0.4,107,18,4,1768,1812
1146,0,0,0,1,1,1,7,21,1182,6,4,0.5,152,15,2,841,994
841,0,1,0,0,0,0,6,59,1169,16,0,0.2,103,8,6,258,1642
1140,0,1,0,1,1,0,3,40,3386,1,0,0.1,119,13,4,211,555
1091,1,1,1,1,1,0,3,8,3626,8,4,0.5,100,5,0,650,922
1360,0,0,0,0,1,1,7,25,3934,20,8,0.4,108,16,4,493,681
1038,1,0,0,0,1,0,4,28,3913,6,2,0.2,154,11,1,1019,1246
1111,0,0,0,1,0,0,1,46,851,11,4,0.4,152,14,8,110,1981
1220,1,0,1,1,0,0,3,52,1458,19,8,0.8,121,18,12,892,1470
1636,0,1,1,0,0,0,5,52,2363,11,9,0.9,188,13,0,555,635
1800,0,1,0,1,0,0,2,23,1966,8,2,0.8,187,15,2,179,1137
674,1,1,0,0,1,0,1,49,2179,9,5,0.6,130,8,0,4,1936
1591,0,1,1,0,1,0,8,3,615,5,4,0.5,192,19,6,669,700
1190,1,0,0,0,0,0,3,61,305,16,5,0.6,145,7,0,345,1044
572,0,0,0,0,1,1,6,35,3106,5,4,0.2,99,12,1,563,1539
1143,1,1,1,0,0,0,8,64,2080,0,0,1,143,16,5,381,535
1492,0,0,1,0,0,0,1,36,592,16,13,0.4,185,10,7,444,1764
1825,0,1,1,0,1,1,8,27,2502,11,9,0.8,163,15,11,48,1005
1450,0,1,1,0,1,1,5,45,941,8,2,0.6,83,13,12,221,648
1629,0,1,0,0,1,0,1,48,2532,8,4,0.4,121,5,4,1260,1634
669,0,0,1,1,0,0,2,46,2981,0,0,0.7,144,17,7,486,1854
575,0,1,1,0,1,0,5,10,2956,11,2,0.2,163,17,7,615,1825
900,1,1,1,0,1,0,4,56,2281,18,3,0.9,112,8,2,638,721
1057,0,1,0,0,1,1,7,42,2688,7,4,0.7,112,6,3,809,824
1247,1,0,1,1,0,0,5,24,522,20,16,0.8,116,9,2,1114,1350
1992,1,1,0,1,1,1,5,43,2179,15,8,1,153,7,6,0,883
974,0,0,1,0,1,1,4,17,1901,3,1,0.7,162,16,0,346,514
1715,0,1,1,1,1,1,8,47,3163,9,8,0.4,116,18,15,900,1219
1570,0,0,0,0,1,1,2,26,426,20,15,0.6,157,8,0,319,1406
1724,1,0,0,1,1,0,2,21,695,8,1,0.2,105,16,0,102,1609
1886,0,1,1,0,1,1,5,47,3287,6,0,0.1,180,12,3,362,1606
1177,1,0,1,1,1,1,6,38,1880,16,7,0.7,162,16,4,1228,1975
1036,1,0,1,1,1,1,7,37,3864,10,6,0.5,184,5,2,416,523
1336,0,1,0,0,1,0,5,26,325,17,7,0.5,83,8,2,238,1402
1004,1,0,0,0,0,0,8,24,650,17,12,0.8,128,6,0,793,1537
1123,1,1,1,1,0,0,3,5,2567,15,10,0.1,145,11,8,670,1557
1730,1,0,1,1,1,1,2,48,2452,13,2,0.4,198,8,2,1445,1934
1890,1,0,1,1,1,1,4,17,2585,17,13,0.5,127,5,2,973,1546
1055,0,1,0,1,1,0,7,56,1532,8,1,0.6,111,5,0,806,861
805,1,1,0,1,1,0,1,59,2917,3,2,0.7,110,12,2,900,1984
608,0,0,0,1,1,1,3,2,3635,16,15,0.4,139,13,4,98,643
1130,0,0,0,0,1,0,8,51,2098,12,5,0.5,175,5,2,296,585
1208,1,1,1,0,1,0,3,13,484,18,8,0.9,86,11,9,763,865
535,1,0,0,0,0,0,7,53,720,3,1,0.5,151,10,2,313,744
1191,1,1,0,0,1,0,3,7,2734,2,1,0.4,102,18,5,1354,1418
922,0,0,0,1,1,1,4,3,3910,0,0,0.5,100,18,8,253,1364
966,0,1,0,0,1,0,3,37,817,7,3,0.7,123,6,5,1390,1896
1351,0,1,1,0,0,0,8,48,3781,16,10,0.5,134,15,0,700,727
732,0,0,0,1,1,1,4,48,832,16,12,0.5,141,18,10,663,1813
1005,1,0,1,1,1,1,1,11,939,16,9,0.8,132,11,4,218,1123
1575,0,1,1,1,0,0,2,22,1091,7,2,0.7,81,16,8,142,1160
1427,1,0,0,1,1,1,1,11,2417,14,10,0.5,155,9,3,169,1784
1306,0,1,1,0,0,0,4,26,2552,12,5,0.9,145,17,0,67,1247
1911,0,1,0,0,1,0,5,25,1251,12,3,0.4,106,11,0,426,659
1170,0,1,1,0,1,1,1,63,2658,5,4,0.7,83,11,10,442,1905
1278,1,0,0,1,0,0,8,64,339,13,6,0.2,146,6,1,764,1521
1709,1,0,0,0,1,1,3,55,3124,3,0,0.8,144,15,7,235,1310
1904,0,0,1,1,1,1,6,27,2387,7,2,0.6,198,5,4,1102,1442
1741,0,1,1,1,0,0,1,37,1415,16,6,0.7,183,17,9,9,1562
1288,1,1,0,1,0,0,6,48,2465,3,0,0.5,92,5,4,793,1021
1976,1,0,1,1,1,0,3,33,2947,15,4,0.7,196,16,11,1014,1131
1270,0,0,1,0,1,1,4,62,3747,2,1,0.5,142,18,13,566,695
1246,1,0,1,1,1,0,8,52,552,4,0,0.6,187,7,3,522,818
1544,0,1,0,1,1,1,5,20,1826,14,12,0.9,144,11,10,588,1414
671,1,0,1,0,0,0,8,38,2210,5,1,0.1,105,6,1,605,722
582,1,1,0,1,1,1,4,51,2587,14,6,0.9,156,6,3,1241,1367
1951,0,0,1,0,1,0,6,22,945,6,5,0.5,132,16,5,1044,1663
822,1,0,0,1,1,0,2,44,3288,4,2,0.9,146,8,5,269,527
733,0,1,1,1,1,1,4,63,3003,10,9,0.1,153,12,9,715,993
820,1,1,0,1,1,1,8,15,702,12,10,0.3,149,6,0,165,532
1455,0,0,0,1,1,1,4,19,2029,10,8,0.3,174,8,0,91,628
1723,1,1,0,1,0,0,5,57,3138,19,1,0.3,122,12,8,1373,1572
1869,1,0,0,0,1,1,6,60,1521,16,2,1,124,14,8,520,566
1670,1,0,1,0,1,1,2,33,1830,3,1,0.9,127,5,0,185,807
1734,1,0,1,1,0,0,4,57,3822,15,8,0.5,188,9,4,573,584
602,1,0,0,0,1,1,4,59,1914,11,7,0.3,166,11,2,76,637
1060,1,0,1,1,1,1,1,31,2819,11,6,0.6,162,10,4,582,1212
1445,0,1,0,0,1,1,4,8,3120,14,11,0.7,164,7,3,772,1766
1005,1,1,1,1,1,0,7,32,2119,13,6,0.6,199,14,9,883,1750
536,0,0,1,0,1,1,1,27,1676,13,8,0.3,108,14,7,1573,1962
1255,1,0,1,0,1,1,3,34,1749,1,0,0.2,85,19,17,118,722
1252,0,1,0,1,1,1,1,43,2447,3,1,0.8,124,18,15,153,538
1471,0,1,1,0,1,1,8,54,3315,0,0,0.7,127,17,1,193,1134
914,0,1,1,1,1,1,3,47,3402,3,0,0.5,119,14,10,727,796
1439,0,1,0,1,1,1,8,14,763,6,3,0.3,101,5,3,686,716
732,1,1,1,0,0,0,4,60,3065,9,6,0.1,92,19,12,670,1025
1025,1,1,0,0,1,1,7,38,3530,5,3,0.7,138,5,0,108,1238
842,1,0,0,1,1,0,1,31,496,20,18,0.4,161,14,1,45,1634
643,0,1,1,1,0,0,1,28,2885,20,0,0.4,199,8,6,532,1273
667,1,0,0,1,1,0,4,23,3720,14,8,0.8,136,19,10,666,1372
1791,1,1,0,0,1,0,1,29,2500,6,5,0.9,196,10,7,1039,1602
1104,1,0,0,1,1,0,5,57,2254,15,2,0.6,129,14,7,1591,1750
1276,1,1,0,0,1,1,4,33,2395,13,5,0.6,136,11,1,15,1719
927,0,0,1,1,1,1,2,22,3741,3,2,0.1,162,7,4,1106,1692
859,1,0,1,1,1,1,5,19,2473,16,11,0.5,139,10,4,952,1713
1162,0,1,1,1,1,0,7,57,1316,19,2,0.3,146,10,2,9,555
1876,0,0,0,0,1,0,2,22,1403,18,11,0.7,168,15,11,157,1512
1057,1,0,1,1,0,0,3,36,2521,11,3,0.7,105,19,15,1318,1351
1926,1,0,0,0,0,0,2,15,735,5,1,0.9,86,5,2,523,1699
853,1,0,0,1,1,1,4,40,2510,9,3,0.7,166,8,3,476,1382
1949,1,1,0,0,1,1,8,7,1406,19,1,0.5,175,5,1,525,1419
1981,0,0,0,0,0,0,5,38,1392,10,3,0.2,103,5,0,282,1051
1556,1,1,0,1,1,1,3,21,1969,19,5,0.5,197,11,3,902,1451
660,0,1,1,1,1,0,8,12,3549,14,3,0.4,161,19,18,506,799
1955,1,1,1,0,1,0,6,30,2340,2,1,0.2,91,9,0,220,759
1567,1,0,0,1,1,0,5,63,1777,13,6,0.8,83,6,3,635,1112
1307,1,0,0,0,0,0,5,44,2402,6,5,0.1,189,5,4,530,1203
1421,0,1,0,0,0,0,4,43,845,11,2,0.2,130,14,6,1516,1556
1332,1,0,1,0,0,0,8,44,1176,1,0,0.9,81,16,10,748,832
1628,0,1,0,1,0,0,6,3,1624,20,4,0.4,184,11,1,436,1653
1752,1,0,1,1,1,1,5,17,3323,10,8,0.4,115,19,11,1165,1540
1733,1,0,0,0,0,0,8,20,1197,3,2,0.5,156,8,7,419,1806
1081,0,1,0,0,1,0,2,51,412,11,7,0.2,194,16,4,39,1852
854,1,1,1,1,1,1,6,45,2317,12,1,0.5,162,12,5,49,1146
1657,1,0,0,1,1,1,4,22,1852,20,3,0.5,87,15,5,1019,1535
1053,1,0,0,0,0,0,7,12,3701,7,4,0.1,95,13,1,6,1089
1370,0,0,0,0,1,1,5,24,1672,3,2,0.3,100,10,4,804,992
1652,1,1,1,1,1,0,6,57,489,17,1,0.1,175,12,2,555,714
915,1,0,1,1,1,0,5,22,572,12,4,1,174,7,1,748,1840
1272,0,1,1,0,1,1,8,50,2969,18,1,0.7,129,15,2,377,1970
646,0,1,1,1,1,1,8,10,3005,17,15,0.9,180,14,0,673,1135
1359,1,1,1,1,0,0,2,40,2805,7,6,0.1,182,19,14,130,1030
1691,0,0,0,0,1,0,1,24,2900,3,0,0.3,119,16,5,762,1643
796,1,1,1,1,0,0,8,62,434,12,3,0.7,99,16,2,214,843
534,0,1,1,1,1,1,1,60,3599,18,1,0.2,159,10,4,1216,1847
721,0,1,0,1,0,0,2,39,3372,2,1,0.6,168,5,1,629,1509
675,1,1,1,0,1,0,5,44,2980,20,11,0.1,169,15,12,135,1109
1182,1,1,0,1,1,1,2,21,1765,17,5,0.5,107,13,5,625,1346
1062,1,1,1,1,1,1,2,12,3664,10,3,0.3,152,9,6,1041,1280
732,1,1,1,0,1,1,6,7,1423,2,1,0.4,113,13,2,367,968
781,0,1,1,1,1,0,2,62,1442,1,0,0.1,94,9,0,1117,1667
790,0,1,1,1,1,1,6,45,3184,20,9,0.1,200,17,5,1068,1577
1480,1,1,1,0,1,0,1,62,1780,0,0,0.9,199,18,14,464,868
946,0,1,0,0,0,0,6,56,2565,14,13,0.7,128,17,10,349,541
1545,0,1,1,0,1,1,3,59,1443,20,1,0.7,183,8,2,148,721
898,0,0,0,0,1,0,4,16,2286,4,0,0.2,81,5,0,139,1660
1662,0,0,1,0,1,0,6,48,2787,2,0,0.8,155,12,7,875,1362
1056,0,0,1,0,1,0,6,2,3215,13,6,0.4,166,16,8,527,825
1074,1,0,0,1,1,1,1,17,401,6,0,0.7,115,18,11,689,1628
1772,1,1,1,0,1,1,5,55,3346,0,0,0.5,149,17,2,405,727
694,1,1,0,1,0,0,3,3,991,10,6,0.8,107,11,3,1345,1514
1387,1,1,0,0,1,1,6,3,2909,5,0,0.9,154,19,1,75,655
1259,0,1,0,1,1,1,7,6,2897,11,7,0.1,110,16,14,1611,1923
1066,0,1,1,0,0,0,3,23,896,7,6,0.6,173,12,9,870,1026
940,0,1,1,1,1,1,1,24,2971,15,7,0.6,81,10,0,955,1845
1517,0,1,1,1,0,0,2,19,1972,16,11,0.3,179,11,0,291,1592
986,0,0,0,1,1,1,7,29,2742,10,6,0.2,122,17,12,1907,1911
1595,1,1,0,0,1,1,3,31,2875,7,4,0.1,101,16,13,824,1052
708,1,0,0,1,1,0,7,56,1920,1,0,0.7,104,7,3,999,1695
726,0,1,1,1,1,1,5,6,1653,2,1,0.7,183,8,5,114,628
761,0,1,0,0,1,1,1,5,3111,17,4,0.8,181,5,3,562,829
643,0,0,1,0,1,1,4,8,3740,4,0,0.3,115,8,7,724,1175
871,1,1,0,1,1,0,6,56,1794,2,0,0.6,124,13,4,483,1045
1347,1,0,0,1,1,0,2,44,399,14,4,0.8,97,16,2,137,792
1659,0,0,1,0,1,0,2,64,1778,19,18,0.7,83,10,9,727,1979
1259,1,0,0,0,1,1,5,61,1415,15,0,0.5,82,10,1,1001,1158
544,1,0,0,0,1,1,6,39,3262,7,5,0.1,91,19,7,101,718
1570,0,0,1,0,0,0,8,12,1895,13,7,0.2,141,18,11,487,517
690,0,0,0,0,0,0,1,38,3427,10,8,0.9,154,13,6,711,750
1053,0,0,1,1,1,1,4,3,792,19,12,0.6,86,17,6,910,1097
1772,0,0,1,1,1,0,3,8,2297,13,5,0.1,135,8,6,1337,1544
1891,0,1,0,1,1,1,2,23,2610,17,10,0.4,158,9,5,518,1357
937,0,1,1,0,1,1,4,44,493,6,2,0.8,133,9,7,919,1782
913,1,0,0,0,1,1,4,34,2800,19,13,0.7,183,7,2,578,1726
1066,0,1,1,0,1,0,6,43,3856,11,4,0.4,101,14,0,876,880
840,0,1,1,1,0,0,2,7,3327,3,0,0.9,147,19,6,98,674
710,1,1,1,1,1,1,2,24,3678,3,1,0.4,153,18,4,1714,1895
623,0,1,0,1,1,1,3,29,717,10,5,0.9,134,12,5,273,1814
700,1,1,1,0,1,0,8,40,2537,11,2,0.1,150,15,10,612,1325
995,1,0,1,1,0,0,1,7,1272,6,4,0.8,157,16,6,1315,1804
1325,1,0,1,1,1,1,1,33,726,12,10,0.9,165,10,2,1653,1967
1982,1,1,0,1,1,1,4,43,1791,8,7,0.3,113,9,2,1409,1679
1401,0,0,0,0,1,0,5,16,2668,4,0,0.1,187,11,8,975,1028
636,1,1,1,1,1,1,2,55,3558,14,7,0.3,183,10,7,762,1596
1637,1,1,0,1,1,1,8,57,3329,17,12,0.5,111,11,9,7,940
1036,1,0,0,0,1,0,3,9,299,18,16,0.2,119,11,8,70,502
1247,1,1,0,0,1,1,4,63,2999,12,10,0.1,116,9,3,170,1028
1207,1,0,0,1,1,1,6,56,2293,11,9,0.1,141,12,4,93,560
1198,0,1,0,1,1,0,7,31,2777,7,0,0.6,125,16,3,546,1223
1796,0,1,1,0,1,0,4,44,1378,4,0,0.2,169,12,0,841,1803
1855,1,0,0,1,1,0,4,58,2834,14,8,0.9,145,14,2,1080,1883
1557,1,1,1,0,0,0,5,26,885,14,7,0.3,154,17,2,665,1790
958,1,0,0,1,1,1,8,47,1706,0,0,0.7,116,6,2,300,501
1882,0,1,0,1,1,0,8,17,2996,5,0,0.1,127,9,6,280,1171
1489,0,0,1,1,1,0,7,60,677,10,7,0.8,197,5,2,7,719
1980,1,0,0,1,1,0,6,15,1710,12,7,0.4,141,11,2,499,1029
1235,1,0,1,1,0,0,3,21,464,4,3,0.5,197,14,2,1252,1284
829,1,0,1,1,1,1,2,10,975,13,11,0.1,132,12,6,349,833
1998,0,1,1,0,1,0,4,47,3918,7,6,0.2,182,9,4,1603,1837
1814,1,0,0,0,1,1,5,3,2489,16,6,0.7,156,9,3,1196,1666
1711,1,1,0,1,1,1,1,12,2461,18,1,1,97,9,4,855,1199
971,1,1,0,0,1,0,4,7,811,17,9,0.3,143,18,2,1074,1885
991,1,0,0,0,0,0,7,19,1358,2,0,0.5,133,16,14,516,767
905,1,0,0,1,1,1,7,12,852,12,11,0.7,173,19,0,410,1021
1653,0,1,0,0,1,0,7,49,377,4,0,0.7,99,9,7,206,936
635,1,1,0,1,1,1,6,57,3954,11,0,1,136,15,4,1257,1597
1807,1,0,1,0,1,0,1,37,2741,11,4,0.8,162,7,1,246,932
1797,1,1,1,0,1,0,3,42,3359,20,4,0.6,174,16,6,57,1169
1895,0,0,1,1,1,1,2,62,2563,0,0,0.9,99,10,8,1019,1698
567,1,1,1,1,1,1,8,56,336,17,14,0.4,165,7,6,555,1290
936,1,1,1,1,1,0,2,46,684,0,0,0.8,139,8,5,265,886
1700,1,1,0,0,1,1,7,54,2121,17,0,0.5,170,14,8,644,913
609,1,0,1,1,0,0,4,13,1933,2,0,0.9,186,8,1,1152,1632
1185,0,0,0,0,1,1,1,8,1223,12,1,0.5,80,5,0,477,825
1533,1,1,0,1,0,0,2,50,2509,12,0,0.4,171,15,11,38,832
1270,0,1,1,0,1,1,6,35,2828,19,4,0.1,140,9,2,457,608
